V2,V3,V4,V5,V6,V7,V8,V9,V10,V11,V12,V13,Class
b'Sexy',b'Low',4.6,b'M',b'Summer',b'o-neck',b'sleevless',b'empire',b'?',b'chiffon',b'ruffles',b'animal',b'2'
b'Casual',b'Low',0.0,b'L',b'Summer',b'o-neck',b'Petal',b'natural',b'microfiber',b'?',b'ruffles',b'animal',b'1'
b'vintage',b'High',0.0,b'L',b'Automn',b'o-neck',b'full',b'natural',b'polyster',b'?',b'?',b'print',b'1'
b'Brief',b'Average',4.6,b'L',b'Spring',b'o-neck',b'full',b'natural',b'silk',b'chiffon',b'embroidary',b'print',b'2'
b'cute',b'Low',4.5,b'M',b'Summer',b'o-neck',b'butterfly',b'natural',b'chiffonfabric',b'chiffon',b'bow',b'dot',b'1'
b'bohemian',b'Low',0.0,b'M',b'Summer',b'v-neck',b'sleevless',b'empire',b'?',b'?',b'?',b'print',b'1'
b'Casual',b'Average',0.0,b'XL',b'Summer',b'o-neck',b'full',b'?',b'cotton',b'?',b'?',b'solid',b'1'
b'Novelty',b'Average',0.0,b'free',b'Automn',b'o-neck',b'short',b'natural',b'polyster',b'broadcloth',b'lace',b'?',b'1'
b'Flare',b'Average',0.0,b'free',b'Spring',b'v-neck',b'short',b'empire',b'cotton',b'broadcloth',b'beading',b'solid',b'2'
b'bohemian',b'Low',0.0,b'free',b'Summer',b'v-neck',b'sleevless',b'natural',b'nylon',b'chiffon',b'?',b'?',b'2'
b'party',b'Average',5.0,b'free',b'Summer',b'o-neck',b'full',b'natural',b'polyster',b'broadcloth',b'lace',b'solid',b'1'
b'Flare',b'Average',0.0,b'free',b'Spring',b'v-neck',b'short',b'?',b'nylon',b'?',b'?',b'animal',b'1'
b'sexy',b'Low',4.7,b'M',b'Winter',b'o-neck',b'threequarter',b'?',b'?',b'chiffon',b'lace',b'print',b'2'
b'vintage',b'Average',4.8,b'M',b'Summer',b'o-neck',b'short',b'empire',b'cotton',b'jersey',b'?',b'animal',b'2'
b'Casual',b'Low',5.0,b'M',b'Summer',b'boat-neck',b'short',b'?',b'cotton',b'?',b'sashes',b'solid',b'1'
b'Casual',b'Low',0.0,b'free',b'Winter',b'boat-neck',b'full',b'?',b'other',b'other',b'lace',b'?',b'1'
b'cute',b'Average',4.7,b'L',b'spring',b'o-neck',b'short',b'?',b'cotton',b'?',b'sashes',b'solid',b'2'
b'bohemian',b'Medium',5.0,b'free',b'Automn',b'o-neck',b'full',b'natural',b'?',b'?',b'hollowout',b'patchwork',b'2'
b'Brief',b'Average',0.0,b'M',b'Winter',b'peterpan-collor',b'threequarter',b'natural',b'cotton',b'?',b'?',b'patchwork',b'1'
b'Sexy',b'Average',5.0,b'M',b'Automn',b'o-neck',b'sleevless',b'empire',b'milksilk',b'?',b'?',b'?',b'2'
b'Sexy',b'Average',4.5,b'L',b'Automn',b'o-neck',b'full',b'?',b'cotton',b'?',b'beading',b'solid',b'1'
b'Casual',b'Low',4.3,b'M',b'Summer',b'o-neck',b'sleevless',b'natural',b'?',b'chiffon',b'?',b'solid',b'1'
b'Brief',b'Low',4.0,b'XL',b'Summer',b'v-neck',b'short',b'natural',b'cotton',b'?',b'pockets',b'solid',b'1'
b'Sexy',b'Average',4.7,b'S',b'Summer',b'v-neck',b'sleevless',b'empire',b'cotton',b'?',b'sequined',b'solid',b'2'
b'Sexy',b'Average',0.0,b'free',b'Automn',b'v-neck',b'sleevless',b'natural',b'polyster',b'?',b'lace',b'patchwork',b'1'
b'Sexy',b'Average',0.0,b'M',b'Automn',b'o-neck',b'sleevless',b'empire',b'cotton',b'broadcloth',b'?',b'print',b'1'
b'Sexy',b'Average',4.7,b'M',b'Spring',b'o-neck',b'sleevless',b'natural',b'?',b'?',b'?',b'solid',b'2'
b'Casual',b'Low',0.0,b'L',b'Summer',b'o-neck',b'sleevless',b'natural',b'cotton',b'jersey',b'?',b'print',b'1'
b'cute',b'Low',4.3,b'free',b'Automn',b'o-neck',b'sleevless',b'natural',b'polyster',b'chiffon',b'sashes',b'striped',b'1'
b'cute',b'Low',4.7,b'M',b'Spring',b'ruffled',b'short',b'empire',b'chiffonfabric',b'chiffon',b'bow',b'dot',b'2'
b'Casual',b'Average',4.6,b'L',b'Automn',b'o-neck',b'sleevless',b'empire',b'polyster',b'chiffon',b'ruffles',b'solid',b'1'
b'Casual',b'Low',0.0,b'M',b'Spring',b'o-neck',b'sleevless',b'natural',b'silk',b'chiffon',b'applique',b'solid',b'2'
b'Casual',b'Average',4.4,b'L',b'Automn',b'o-neck',b'sleevless',b'natural',b'linen',b'chiffon',b'ruffles',b'animal',b'1'
b'Brief',b'Average',4.3,b'L',b'Spring',b'o-neck',b'sleevless',b'empire',b'?',b'?',b'bow',b'solid',b'2'
b'party',b'High',4.7,b'M',b'Spring',b'o-neck',b'threequarter',b'?',b'?',b'?',b'?',b'print',b'1'
b'Casual',b'Low',4.6,b'free',b'Winter',b'boat-neck',b'full',b'natural',b'cotton',b'?',b'?',b'patchwork',b'2'
b'vintage',b'Average',4.6,b'free',b'Winter',b'o-neck',b'full',b'natural',b'?',b'chiffon',b'?',b'print',b'2'
b'Brief',b'Average',0.0,b'M',b'Automn',b'o-neck',b'short',b'natural',b'cotton',b'?',b'?',b'print',b'1'
b'party',b'Average',4.6,b'M',b'Winter',b'o-neck',b'sleevless',b'natural',b'cotton',b'?',b'lace',b'solid',b'2'
b'Casual',b'Average',4.5,b'M',b'Spring',b'v-neck',b'short',b'empire',b'cotton',b'?',b'button',b'solid',b'2'
b'Brief',b'Average',5.0,b'free',b'Spring',b'v-neck',b'sleevless',b'natural',b'cotton',b'broadcloth',b'lace',b'solid',b'2'
b'Brief',b'Low',4.4,b'L',b'Automn',b'o-neck',b'halfsleeve',b'natural',b'rayon',b'chiffon',b'sashes',b'solid',b'1'
b'Casual',b'Average',4.8,b'M',b'Winter',b'o-neck',b'short',b'natural',b'lycra',b'broadcloth',b'applique',b'patchwork',b'1'
b'Casual',b'Low',4.8,b'free',b'Spring',b'o-neck',b'sleevless',b'natural',b'cotton',b'?',b'?',b'print',b'1'
b'vintage',b'Average',4.8,b'M',b'Winter',b'o-neck',b'sleevless',b'natural',b'cotton',b'?',b'?',b'patchwork',b'2'
b'Sexy',b'Average',0.0,b'M',b'Winter',b'o-neck',b'short',b'natural',b'?',b'?',b'lace',b'solid',b'1'
b'Sexy',b'Average',4.8,b'L',b'Spring',b'v-neck',b'threequarter',b'empire',b'polyster',b'?',b'lace',b'geometric',b'1'
b'Casual',b'Average',0.0,b'M',b'Summer',b'o-neck',b'halfsleeve',b'natural',b'cotton',b'chiffon',b'ruffles',b'dot',b'2'
b'Casual',b'Low',4.7,b'M',b'Summer',b'o-neck',b'sleevless',b'empire',b'milksilk',b'?',b'?',b'solid',b'1'
b'Casual',b'Medium',0.0,b'L',b'Winter',b'boat-neck',b'full',b'empire',b'?',b'?',b'?',b'solid',b'2'
b'Sexy',b'Low',5.0,b'free',b'Summer',b'v-neck',b'sleevless',b'empire',b'?',b'chiffon',b'?',b'animal',b'2'
b'Casual',b'Low',4.3,b'free',b'Summer',b'o-neck',b'sleevless',b'?',b'milksilk',b'?',b'?',b'animal',b'1'
b'Casual',b'Average',0.0,b'L',b'Spring',b'o-neck',b'halfsleeve',b'natural',b'polyster',b'chiffon',b'hollowout',b'solid',b'2'
b'Casual',b'Average',4.6,b'free',b'Automn',b'o-neck',b'sleevless',b'natural',b'polyster',b'chiffon',b'sashes',b'solid',b'2'
b'sexy',b'Average',4.5,b'M',b'Spring',b'o-neck',b'threequarter',b'natural',b'polyster',b'?',b'lace',b'geometric',b'1'
b'Novelty',b'Average',0.0,b'S',b'Winter',b'turndowncollor',b'full',b'natural',b'cotton',b'?',b'?',b'patchwork',b'1'
b'Casual',b'Average',4.9,b'S',b'Winter',b'turndowncollor',b'full',b'natural',b'cotton',b'?',b'?',b'solid',b'2'
b'sexy',b'Low',4.6,b'L',b'Automn',b'o-neck',b'sleevless',b'natural',b'?',b'?',b'lace',b'solid',b'2'
b'bohemian',b'Low',4.5,b'M',b'Summer',b'v-neck',b'sleevless',b'natural',b'polyster',b'?',b'?',b'print',b'2'
b'work',b'Average',0.0,b'M',b'Automn',b'slash-neck',b'sleevless',b'natural',b'polyster',b'?',b'bow',b'patchwork',b'1'
b'cute',b'High',0.0,b'M',b'Spring',b'v-neck',b'full',b'natural',b'rayon',b'?',b'?',b'solid',b'2'
b'Casual',b'Average',0.0,b'free',b'Spring',b'o-neck',b'short',b'natural',b'cotton',b'?',b'hollowout',b'plaid',b'1'
b'Casual',b'Average',5.0,b'M',b'Summer',b'o-neck',b'short',b'empire',b'polyster',b'chiffon',b'?',b'animal',b'1'
b'Casual',b'Average',4.7,b'M',b'spring',b'o-neck',b'sleevless',b'natural',b'?',b'chiffon',b'sashes',b'solid',b'1'
b'Sexy',b'Low',4.0,b'S',b'Automn',b'o-neck',b'sleevless',b'empire',b'cotton',b'?',b'?',b'solid',b'2'
b'Casual',b'Average',5.0,b'M',b'Automn',b'v-neck',b'short',b'natural',b'cotton',b'broadcloth',b'beading',b'solid',b'1'
b'Casual',b'Low',0.0,b'free',b'Summer',b'v-neck',b'halfsleeve',b'natural',b'silk',b'broadcloth',b'applique',b'solid',b'1'
b'Casual',b'Medium',4.5,b'S',b'Winter',b'o-neck',b'full',b'natural',b'polyster',b'?',b'?',b'patchwork',b'2'
b'work',b'Average',4.8,b'L',b'Summer',b'v-neck',b'short',b'natural',b'polyster',b'?',b'hollowout',b'solid',b'1'
b'Casual',b'Medium',0.0,b'M',b'Automn',b'v-neck',b'short',b'empire',b'polyster',b'?',b'?',b'solid',b'1'
b'bohemian',b'Average',5.0,b'free',b'Summer',b'v-neck',b'sleevless',b'natural',b'cotton',b'batik',b'?',b'print',b'2'
b'sexy',b'Low',0.0,b'M',b'Spring',b'v-neck',b'short',b'natural',b'polyster',b'satin',b'ruffles',b'solid',b'2'
b'Sexy',b'Average',4.2,b'M',b'Winter',b'v-neck',b'sleevless',b'natural',b'cotton',b'flannael',b'?',b'solid',b'1'
b'Casual',b'Low',4.8,b'free',b'Spring',b'o-neck',b'full',b'natural',b'cotton',b'worsted',b'lace',b'solid',b'1'
b'Casual',b'Low',4.4,b'S',b'Automn',b'o-neck',b'sleevless',b'natural',b'polyster',b'?',b'?',b'solid',b'1'
b'Casual',b'Low',4.7,b'L',b'Spring',b'o-neck',b'short',b'?',b'chiffonfabric',b'chiffon',b'bow',b'dot',b'1'
b'Casual',b'Average',5.0,b'XL',b'Winter',b'boat-neck',b'full',b'?',b'cotton',b'?',b'?',b'geometric',b'2'
b'Casual',b'Low',0.0,b'free',b'Spring',b'v-neck',b'sleevless',b'?',b'cotton',b'?',b'?',b'print',b'1'
b'Casual',b'Average',0.0,b'free',b'Spring',b'o-neck',b'sleevless',b'natural',b'?',b'chiffon',b'?',b'solid',b'1'
b'bohemian',b'very-high',4.7,b'free',b'Winter',b'v-neck',b'sleevless',b'?',b'polyster',b'?',b'?',b'?',b'2'
b'Casual',b'Low',5.0,b'M',b'Summer',b'v-neck',b'sleevless',b'empire',b'polyster',b'chiffon',b'ruffles',b'animal',b'1'
b'party',b'Average',4.7,b'M',b'Spring',b'v-neck',b'sleevless',b'natural',b'polyster',b'chiffon',b'hollowout',b'solid',b'1'
b'Sexy',b'Low',5.0,b'free',b'Spring',b'o-neck',b'full',b'natural',b'cotton',b'worsted',b'?',b'striped',b'1'
b'vintage',b'Low',4.6,b'M',b'Summer',b'o-neck',b'short',b'natural',b'?',b'chiffon',b'?',b'print',b'1'
b'Casual',b'Average',0.0,b'free',b'Winter',b'o-neck',b'halfsleeve',b'empire',b'polyster',b'chiffon',b'hollowout',b'solid',b'1'
b'Casual',b'low',4.9,b'L',b'Summer',b'boat-neck',b'short',b'?',b'?',b'chiffon',b'?',b'patchwork',b'2'
b'Casual',b'Low',0.0,b'S',b'Automn',b'o-neck',b'full',b'natural',b'?',b'?',b'beading',b'solid',b'2'
b'Sexy',b'Average',4.0,b'S',b'Automn',b'v-neck',b'sleevless',b'?',b'rayon',b'chiffon',b'?',b'patchwork',b'2'
b'Sexy',b'Low',5.0,b'M',b'Automn',b'o-neck',b'full',b'natural',b'?',b'chiffon',b'lace',b'print',b'2'
b'Brief',b'Average',4.6,b'M',b'Winter',b'peterpan-collor',b'threequarter',b'?',b'cotton',b'?',b'?',b'solid',b'1'
b'Casual',b'Average',0.0,b'L',b'Spring',b'boat-neck',b'sleevless',b'natural',b'cotton',b'?',b'applique',b'patchwork',b'2'
b'Casual',b'Average',4.8,b'L',b'Winter',b'o-neck',b'short',b'natural',b'cotton',b'?',b'pockets',b'solid',b'2'
b'OL',b'Medium',0.0,b'M',b'Winter',b'mandarin-collor',b'halfsleeve',b'natural',b'cotton',b'?',b'sashes',b'solid',b'1'
b'Sexy',b'Low',4.8,b'M',b'Spring',b'o-neck',b'halfsleeve',b'natural',b'silk',b'?',b'?',b'solid',b'1'
b'Casual',b'Medium',0.0,b'S',b'Spring',b'v-neck',b'full',b'?',b'?',b'?',b'?',b'animal',b'2'
b'Casual',b'Medium',0.0,b'M',b'Spring',b'v-neck',b'threequarter',b'natural',b'silk',b'chiffon',b'ruffles',b'solid',b'2'
b'Casual',b'Average',0.0,b'M',b'Spring',b'o-neck',b'sleevless',b'natural',b'silk',b'?',b'?',b'print',b'1'
b'Casual',b'Average',0.0,b'free',b'Winter',b'v-neck',b'full',b'natural',b'?',b'chiffon',b'ruffles',b'print',b'1'
b'vintage',b'Low',4.8,b'S',b'Summer',b'o-neck',b'short',b'natural',b'?',b'chiffon',b'ruffles',b'print',b'1'
b'Sexy',b'Low',4.8,b'L',b'Summer',b'v-neck',b'full',b'natural',b'cotton',b'jersey',b'applique',b'print',b'2'
b'fashion',b'Average',4.0,b'free',b'Summer',b'open',b'full',b'?',b'cotton',b'?',b'sequined',b'solid',b'1'
b'Casual',b'Average',4.7,b'L',b'Summer',b'v-neck',b'short',b'natural',b'?',b'?',b'?',b'print',b'2'
b'Casual',b'Low',0.0,b'free',b'Winter',b'o-neck',b'halfsleeve',b'natural',b'polyster',b'worsted',b'?',b'patchwork',b'2'
b'bohemian',b'Low',4.8,b'free',b'Summer',b'o-neck',b'short',b'?',b'?',b'?',b'?',b'animal',b'2'
b'work',b'Medium',4.6,b'L',b'Winter',b'sqare-collor',b'short',b'empire',b'cotton',b'?',b'Tiered',b'solid',b'1'
b'vintage',b'Average',4.7,b'L',b'Summer',b'o-neck',b'short',b'natural',b'cotton',b'?',b'button',b'solid',b'1'
b'cute',b'Low',4.7,b'M',b'Spring',b'o-neck',b'short',b'empire',b'polyster',b'chiffon',b'ruffles',b'dot',b'2'
b'Casual',b'Low',4.6,b'free',b'Automn',b'o-neck',b'full',b'natural',b'cotton',b'?',b'?',b'solid',b'2'
b'Casual',b'Medium',0.0,b'free',b'Spring',b'o-neck',b'sleevless',b'natural',b'cotton',b'broadcloth',b'sequined',b'solid',b'2'
b'Casual',b'Average',4.7,b'L',b'Automn',b'o-neck',b'halfsleeve',b'?',b'?',b'?',b'lace',b'?',b'1'
b'Sexy',b'Average',0.0,b'L',b'Automn',b'v-neck',b'sleevless',b'empire',b'?',b'chiffon',b'?',b'patchwork',b'1'
b'Casual',b'Low',4.7,b'free',b'Winter',b'o-neck',b'sleevless',b'natural',b'cotton',b'jersey',b'?',b'solid',b'2'
b'Casual',b'Average',0.0,b'M',b'Automn',b'o-neck',b'short',b'empire',b'polyster',b'?',b'applique',b'print',b'1'
b'cute',b'Average',4.8,b'L',b'Automn',b'slash-neck',b'sleevless',b'natural',b'?',b'chiffon',b'hollowout',b'solid',b'1'
b'party',b'Average',5.0,b'M',b'Spring',b'o-neck',b'halfsleeve',b'natural',b'?',b'?',b'?',b'?',b'2'
b'cute',b'Average',4.3,b'L',b'Winter',b'o-neck',b'sleevless',b'natural',b'?',b'chiffon',b'?',b'solid',b'1'
b'Casual',b'Average',4.5,b'L',b'Spring',b'o-neck',b'short',b'natural',b'cotton',b'chiffon',b'?',b'patchwork',b'1'
b'Casual',b'Low',4.7,b'L',b'Automn',b'o-neck',b'full',b'?',b'cotton',b'chiffon',b'lace',b'print',b'1'
b'Casual',b'Low',4.5,b'free',b'Automn',b'v-neck',b'short',b'natural',b'silk',b'worsted',b'lace',b'solid',b'1'
b'sexy',b'Average',3.6,b'L',b'Winter',b'v-neck',b'full',b'natural',b'polyster',b'woolen',b'beading',b'solid',b'2'
b'work',b'Average',4.8,b'L',b'Winter',b'v-neck',b'short',b'natural',b'mix',b'broadcloth',b'lace',b'solid',b'1'
b'vintage',b'Average',0.0,b'free',b'Summer',b'o-neck',b'sleevless',b'?',b'?',b'?',b'?',b'?',b'1'
b'Sexy',b'Low',4.6,b'free',b'Spring',b'o-neck',b'full',b'natural',b'?',b'?',b'lace',b'leopard',b'2'
b'Sexy',b'Low',0.0,b'free',b'Winter',b'v-neck',b'sleevless',b'empire',b'cotton',b'chiffon',b'?',b'solid',b'2'
b'work',b'Average',4.6,b'L',b'Spring',b'o-neck',b'short',b'empire',b'cotton',b'jersey',b'?',b'patchwork',b'1'
b'Casual',b'Average',4.4,b'M',b'Summer',b'o-neck',b'short',b'empire',b'?',b'?',b'lace',b'patchwork',b'1'
b'cute',b'Low',4.9,b'M',b'Automn',b'o-neck',b'short',b'natural',b'chiffonfabric',b'chiffon',b'bow',b'dot',b'1'
b'Sexy',b'Low',4.6,b'free',b'Summer',b'v-neck',b'sleevless',b'natural',b'cotton',b'broadcloth',b'beading',b'solid',b'1'
b'party',b'Average',4.4,b'free',b'Automn',b'v-neck',b'threequarter',b'natural',b'?',b'?',b'?',b'solid',b'1'
b'Casual',b'Average',0.0,b'free',b'Spring',b'o-neck',b'short',b'?',b'cotton',b'?',b'lace',b'?',b'2'
b'Casual',b'Low',0.0,b'M',b'Summer',b'v-neck',b'full',b'natural',b'acrylic',b'?',b'lace',b'solid',b'1'
b'Sexy',b'Average',4.6,b'M',b'Winter',b'o-neck',b'full',b'natural',b'polyster',b'?',b'?',b'patchwork',b'2'
b'work',b'Average',4.6,b'M',b'Spring',b'v-neck',b'full',b'?',b'?',b'chiffon',b'?',b'?',b'1'
b'cute',b'Average',4.7,b'L',b'Winter',b'o-neck',b'sleevless',b'natural',b'chiffonfabric',b'?',b'lace',b'solid',b'1'
b'bohemian',b'Average',4.7,b'L',b'Automn',b'o-neck',b'sleevless',b'natural',b'?',b'chiffon',b'?',b'solid',b'1'
b'cute',b'High',0.0,b'M',b'Winter',b'o-neck',b'threequarter',b'empire',b'silk',b'chiffon',b'lace',b'patchwork',b'1'
b'Casual',b'Average',0.0,b'XL',b'Winter',b'o-neck',b'short',b'empire',b'polyster',b'?',b'button',b'solid',b'1'
b'Novelty',b'Average',4.9,b'L',b'Automn',b'o-neck',b'short',b'natural',b'polyster',b'chiffon',b'?',b'print',b'2'
b'Casual',b'Low',4.7,b'M',b'Automn',b'o-neck',b'full',b'?',b'cotton',b'?',b'?',b'solid',b'1'
b'cute',b'Average',4.3,b'free',b'Summer',b'boat-neck',b'sleevless',b'?',b'?',b'?',b'?',b'?',b'2'
b'Sexy',b'Low',0.0,b'free',b'Automn',b'slash-neck',b'short',b'empire',b'?',b'?',b'hollowout',b'solid',b'1'
b'cute',b'Low',4.7,b'XL',b'Summer',b'o-neck',b'short',b'empire',b'chiffonfabric',b'chiffon',b'bow',b'print',b'1'
b'Sexy',b'low',4.5,b'L',b'Spring',b'o-neck',b'sleevless',b'?',b'?',b'?',b'lace',b'solid',b'1'
b'Casual',b'Average',4.7,b'M',b'Automn',b'o-neck',b'sleevless',b'?',b'cotton',b'?',b'?',b'animal',b'2'
b'Casual',b'Average',0.0,b'L',b'Spring',b'boat-neck',b'sleevless',b'natural',b'cotton',b'?',b'lace',b'solid',b'2'
b'cute',b'low',4.7,b'free',b'Summer',b'o-neck',b'sleevless',b'?',b'?',b'chiffon',b'?',b'print',b'2'
b'Casual',b'low',4.4,b'free',b'Summer',b'turndowncollor',b'sleevless',b'natural',b'cotton',b'?',b'?',b'solid',b'1'
b'Casual',b'Average',4.8,b'L',b'winter',b'v-neck',b'short',b'empire',b'polyster',b'?',b'ruffles',b'solid',b'1'
b'vintage',b'Average',4.3,b'free',b'winter',b'o-neck',b'short',b'?',b'chiffonfabric',b'chiffon',b'?',b'print',b'1'
b'cute',b'low',4.5,b'L',b'Summer',b'o-neck',b'sleevless',b'natural',b'cotton',b'chiffon',b'sashes',b'solid',b'2'
b'Casual',b'Average',4.4,b'M',b'Summer',b'turndowncollor',b'sleevless',b'natural',b'chiffonfabric',b'chiffon',b'?',b'solid',b'1'
b'vintage',b'Medium',0.0,b'S',b'Winter',b'turndowncollor',b'halfsleeve',b'natural',b'cotton',b'broadcloth',b'?',b'plaid',b'1'
b'Sexy',b'low',4.7,b'free',b'Summer',b'turndowncollor',b'sleevless',b'natural',b'cotton',b'?',b'?',b'solid',b'2'
b'vintage',b'High',0.0,b'L',b'Summer',b'o-neck',b'short',b'natural',b'cotton',b'?',b'?',b'print',b'1'
b'Casual',b'low',0.0,b'free',b'Spring',b'v-neck',b'threequarter',b'?',b'silk',b'?',b'lace',b'?',b'2'
b'Sexy',b'Average',0.0,b'S',b'Automn',b'slash-neck',b'short',b'natural',b'?',b'?',b'lace',b'solid',b'1'
b'Casual',b'Low',0.0,b'free',b'Spring',b'o-neck',b'short',b'natural',b'?',b'?',b'hollowout',b'solid',b'1'
b'cute',b'Medium',5.0,b'free',b'Winter',b'o-neck',b'sleevless',b'natural',b'silk',b'?',b'lace',b'solid',b'2'
b'Casual',b'Low',4.7,b'free',b'Summer',b'o-neck',b'sleevless',b'?',b'?',b'?',b'?',b'print',b'1'
b'Sexy',b'Low',4.8,b'free',b'Spring',b'v-neck',b'sleevless',b'?',b'?',b'?',b'sequined',b'solid',b'2'
b'Casual',b'Average',4.5,b'L',b'Winter',b'o-neck',b'short',b'natural',b'cotton',b'?',b'bow',b'patchwork',b'1'
b'vintage',b'Average',0.0,b'S',b'Spring',b'o-neck',b'full',b'natural',b'mix',b'chiffon',b'embroidary',b'print',b'1'
b'Casual',b'Average',3.7,b'free',b'Automn',b'boat-neck',b'full',b'?',b'?',b'?',b'?',b'solid',b'2'
b'vintage',b'Average',4.8,b'L',b'Winter',b'o-neck',b'sleevless',b'natural',b'cotton',b'?',b'?',b'patchwork',b'1'
b'cute',b'Average',0.0,b'XL',b'Spring',b'boat-neck',b'full',b'?',b'cotton',b'worsted',b'applique',b'dot',b'2'
b'Casual',b'Average',0.0,b'L',b'Winter',b'open',b'short',b'natural',b'mix',b'poplin',b'applique',b'solid',b'2'
b'sexy',b'Medium',5.0,b'M',b'Winter',b'o-neck',b'sleevless',b'empire',b'polyster',b'?',b'bow',b'solid',b'1'
b'Brief',b'Average',4.9,b'free',b'Summer',b'slash-neck',b'sleevless',b'natural',b'?',b'?',b'?',b'solid',b'1'
b'Casual',b'High',4.9,b'S',b'Spring',b'o-neck',b'threequarter',b'natural',b'?',b'?',b'?',b'dot',b'2'
b'Brief',b'Average',4.6,b'free',b'Winter',b'o-neck',b'full',b'natural',b'mix',b'?',b'sashes',b'solid',b'1'
b'Casual',b'Low',4.5,b'free',b'Winter',b'o-neck',b'full',b'natural',b'mix',b'worsted',b'applique',b'solid',b'1'
b'Casual',b'Low',4.8,b'XL',b'Summer',b'o-neck',b'short',b'empire',b'mix',b'chiffon',b'sashes',b'geometric',b'1'
b'Sexy',b'Medium',4.6,b'L',b'Summer',b'o-neck',b'short',b'natural',b'spandex',b'jersey',b'lace',b'solid',b'1'
b'Casual',b'Average',4.5,b'M',b'Winter',b'v-neck',b'sleevless',b'natural',b'?',b'chiffon',b'button',b'striped',b'1'
b'work',b'Average',0.0,b'S',b'Automn',b'o-neck',b'sleevless',b'natural',b'linen',b'?',b'?',b'patchwork',b'1'
b'Casual',b'Low',0.0,b'L',b'Winter',b'o-neck',b'sleevless',b'empire',b'polyster',b'?',b'?',b'leopard',b'1'
b'cute',b'low',5.0,b'L',b'Winter',b'o-neck',b'threequarter',b'natural',b'silk',b'chiffon',b'sashes',b'print',b'1'
b'Brief',b'Average',4.3,b'M',b'Spring',b'o-neck',b'full',b'natural',b'mix',b'worsted',b'sequined',b'patchwork',b'2'
b'Sexy',b'low',4.4,b'free',b'Automn',b'o-neck',b'full',b'empire',b'cotton',b'?',b'?',b'leopard',b'1'
b'cute',b'low',0.0,b'free',b'Summer',b'peterpan-collor',b'short',b'empire',b'cotton',b'broadcloth',b'applique',b'print',b'1'
b'Casual',b'Average',4.5,b'free',b'Summer',b'o-neck',b'short',b'natural',b'cotton',b'?',b'?',b'solid',b'2'
b'Sexy',b'low',4.7,b'M',b'Winter',b'slash-neck',b'sleevless',b'?',b'nylon',b'?',b'sashes',b'solid',b'2'
b'Casual',b'low',4.7,b'free',b'Spring',b'o-neck',b'sleevless',b'empire',b'cotton',b'chiffon',b'?',b'floral',b'1'
b'Casual',b'Medium',4.8,b'M',b'Winter',b'peterpan-collor',b'short',b'natural',b'polyster',b'chiffon',b'lace',b'patchwork',b'1'
b'Sexy',b'low',4.3,b'free',b'Winter',b'v-neck',b'sleevless',b'natural',b'silk',b'worsted',b'lace',b'solid',b'2'
b'bohemian',b'Average',0.0,b'L',b'Winter',b'turndowncollor',b'full',b'natural',b'mix',b'?',b'?',b'solid',b'1'
b'Casual',b'Low',0.0,b'free',b'?',b'o-neck',b'full',b'natural',b'cotton',b'?',b'?',b'patchwork',b'1'
b'cute',b'Medium',4.8,b'free',b'Spring',b'slash-neck',b'sleevless',b'natural',b'polyster',b'chiffon',b'sashes',b'solid',b'2'
b'Sexy',b'Average',0.0,b'S',b'Automn',b'v-neck',b'sleevless',b'empire',b'cotton',b'?',b'beading',b'solid',b'1'
b'Casual',b'Low',4.6,b'S',b'Spring',b'o-neck',b'full',b'natural',b'cotton',b'?',b'?',b'solid',b'2'
b'vintage',b'Medium',4.7,b'free',b'Spring',b'turndowncollor',b'sleevless',b'natural',b'mix',b'?',b'lace',b'solid',b'2'
b'work',b'low',4.7,b'free',b'Summer',b'o-neck',b'full',b'empire',b'cotton',b'?',b'?',b'solid',b'1'
b'cute',b'Average',4.8,b'M',b'Summer',b'o-neck',b'short',b'natural',b'cotton',b'?',b'rivet',b'solid',b'1'
b'cute',b'Average',0.0,b'M',b'Summer',b'o-neck',b'short',b'natural',b'cotton',b'chiffon',b'?',b'print',b'1'
b'Casual',b'Average',4.7,b'M',b'winter',b'o-neck',b'full',b'?',b'?',b'?',b'?',b'animal',b'1'
b'Casual',b'low',4.6,b'free',b'winter',b'o-neck',b'full',b'natural',b'polyster',b'?',b'applique',b'solid',b'2'
b'party',b'Average',5.0,b'free',b'Summer',b'v-neck',b'sleevless',b'?',b'?',b'?',b'?',b'?',b'1'
b'Casual',b'Average',0.0,b'free',b'Summer',b'v-neck',b'sleevless',b'natural',b'cotton',b'chiffon',b'?',b'patchwork',b'1'
b'Sexy',b'Average',5.0,b'L',b'winter',b'o-neck',b'threequarter',b'natural',b'polyster',b'?',b'lace',b'geometric',b'1'
b'Sexy',b'Average',4.8,b'free',b'Winter',b'o-neck',b'sleevless',b'natural',b'polyster',b'?',b'embroidary',b'solid',b'1'
b'Casual',b'Average',4.7,b'S',b'Summer',b'v-neck',b'short',b'natural',b'cotton',b'?',b'?',b'dot',b'1'
b'Casual',b'Average',4.1,b'M',b'Automn',b'v-neck',b'full',b'?',b'?',b'chiffon',b'sashes',b'?',b'2'
b'Casual',b'Average',5.0,b'XL',b'Automn',b'o-neck',b'short',b'natural',b'chiffonfabric',b'chiffon',b'?',b'?',b'1'
b'Sexy',b'Average',5.0,b'M',b'Summer',b'v-neck',b'sleevless',b'empire',b'cotton',b'?',b'sequined',b'solid',b'2'
b'work',b'Average',4.6,b'L',b'Summer',b'slash-neck',b'short',b'natural',b'cotton',b'?',b'?',b'solid',b'1'
b'Casual',b'Average',4.5,b'M',b'Summer',b'peterpan-collor',b'sleevless',b'?',b'?',b'?',b'?',b'?',b'1'
b'vintage',b'Average',4.5,b'L',b'Automn',b'o-neck',b'sleevless',b'empire',b'?',b'worsted',b'?',b'solid',b'1'
b'Casual',b'Average',0.0,b'M',b'Summer',b'o-neck',b'threequarter',b'natural',b'nylon',b'broadcloth',b'?',b'solid',b'2'
b'cute',b'Average',4.7,b'L',b'Summer',b'o-neck',b'sleevless',b'natural',b'cotton',b'worsted',b'?',b'print',b'1'
b'bohemian',b'Low',4.7,b'free',b'Winter',b'o-neck',b'short',b'natural',b'nylon',b'?',b'sashes',b'print',b'1'
b'Casual',b'low',5.0,b'free',b'Spring',b'slash-neck',b'sleevless',b'empire',b'spandex',b'?',b'?',b'striped',b'2'
b'Casual',b'Average',5.0,b'M',b'Winter',b'o-neck',b'sleevless',b'natural',b'?',b'chiffon',b'sashes',b'solid',b'2'
b'Casual',b'Average',4.3,b'free',b'Summer',b'o-neck',b'sleevless',b'natural',b'cotton',b'worsted',b'?',b'striped',b'1'
b'work',b'low',4.5,b'M',b'Winter',b'v-neck',b'threequarter',b'?',b'?',b'?',b'?',b'patchwork',b'1'
b'Casual',b'Average',4.3,b'S',b'Spring',b'boat-neck',b'full',b'natural',b'cotton',b'?',b'lace',b'patchwork',b'2'
b'Casual',b'Average',4.4,b'L',b'Automn',b'o-neck',b'halfsleeve',b'natural',b'?',b'dobby',b'lace',b'animal',b'1'
b'sexy',b'Low',4.3,b'M',b'Automn',b'open',b'short',b'natural',b'lace',b'?',b'lace',b'print',b'1'
b'Casual',b'Low',4.6,b'free',b'Summer',b'o-neck',b'full',b'natural',b'cotton',b'worsted',b'lace',b'solid',b'2'
b'Casual',b'low',4.6,b'L',b'Winter',b'o-neck',b'full',b'?',b'cotton',b'?',b'?',b'?',b'1'
b'Casual',b'Average',4.6,b'M',b'Spring',b'o-neck',b'sleevless',b'natural',b'?',b'chiffon',b'sashes',b'solid',b'2'
b'Casual',b'low',0.0,b'free',b'Automn',b'peterpan-collor',b'threequarter',b'empire',b'?',b'?',b'?',b'?',b'1'
b'Casual',b'Average',4.7,b'S',b'Spring',b'o-neck',b'halfsleeve',b'empire',b'?',b'chiffon',b'?',b'?',b'2'
b'Casual',b'Average',0.0,b'S',b'Summer',b'o-neck',b'sleevless',b'empire',b'cotton',b'?',b'?',b'solid',b'1'
b'Casual',b'low',4.8,b'free',b'Summer',b'o-neck',b'sleevless',b'natural',b'cotton',b'?',b'?',b'print',b'2'
b'Casual',b'Average',5.0,b'S',b'Winter',b'o-neck',b'sleevless',b'empire',b'polyster',b'chiffon',b'?',b'plaid',b'1'
b'Sexy',b'very-high',0.0,b'free',b'Winter',b'v-neck',b'sleevless',b'natural',b'polyster',b'knitting',b'?',b'solid',b'1'
b'Casual',b'low',4.4,b'free',b'Summer',b'o-neck',b'sleevless',b'natural',b'polyster',b'?',b'sashes',b'print',b'1'
b'Casual',b'Average',4.8,b'M',b'Automn',b'v-neck',b'short',b'?',b'?',b'chiffon',b'embroidary',b'print',b'2'
b'Casual',b'Average',5.0,b'free',b'Summer',b'v-neck',b'sleevless',b'?',b'modal',b'?',b'?',b'patchwork',b'1'
b'Sexy',b'low',4.8,b'M',b'Automn',b'v-neck',b'full',b'natural',b'cotton',b'?',b'?',b'print',b'2'
b'Casual',b'Average',4.6,b'free',b'Winter',b'v-neck',b'full',b'natural',b'cotton',b'flannel',b'?',b'striped',b'1'
b'Casual',b'Average',4.6,b'M',b'Winter',b'v-neck',b'full',b'natural',b'chiffonfabric',b'chiffon',b'?',b'?',b'1'
b'Casual',b'low',5.0,b'S',b'Spring',b'o-neck',b'sleevless',b'natural',b'chiffonfabric',b'?',b'?',b'print',b'1'
b'cute',b'Average',0.0,b'M',b'Winter',b'o-neck',b'short',b'natural',b'polyster',b'chiffon',b'sashes',b'solid',b'1'
b'Casual',b'low',4.8,b'free',b'Spring',b'o-neck',b'sleevless',b'?',b'chiffonfabric',b'chiffon',b'?',b'print',b'2'
b'Casual',b'Average',4.6,b'M',b'Automn',b'o-neck',b'short',b'empire',b'polyster',b'?',b'applique',b'dot',b'1'
b'bohemian',b'Average',5.0,b'M',b'Spring',b'slash-neck',b'sleevless',b'empire',b'?',b'chiffon',b'ruffles',b'solid',b'2'
b'Casual',b'Low',4.9,b'free',b'winter',b'o-neck',b'sleevless',b'empire',b'silk',b'?',b'sashes',b'print',b'2'
b'Casual',b'Average',4.7,b'L',b'Summer',b'o-neck',b'sleevless',b'natural',b'silk',b'chiffon',b'beading',b'solid',b'1'
b'Casual',b'Medium',4.6,b'M',b'winter',b'o-neck',b'full',b'natural',b'cashmere',b'?',b'?',b'solid',b'2'
b'Casual',b'Average',4.7,b'M',b'winter',b'v-neck',b'sleevless',b'empire',b'polyster',b'chiffon',b'applique',b'print',b'1'
b'Sexy',b'Average',4.7,b'M',b'winter',b'v-neck',b'sleevless',b'natural',b'polyster',b'broadcloth',b'?',b'patchwork',b'1'
b'Casual',b'Average',3.5,b'M',b'winter',b'v-neck',b'short',b'natural',b'?',b'?',b'?',b'solid',b'1'
b'Casual',b'Average',4.8,b'M',b'winter',b'o-neck',b'threequarter',b'natural',b'?',b'?',b'?',b'print',b'2'
b'Casual',b'Average',0.0,b'M',b'winter',b'o-neck',b'full',b'natural',b'cotton',b'jersey',b'feathers',b'solid',b'2'
b'Casual',b'low',4.6,b'M',b'Summer',b'o-neck',b'sleevless',b'natural',b'cotton',b'?',b'sashes',b'striped',b'1'
b'Casual',b'Average',4.7,b'L',b'Spring',b'v-neck',b'halfsleeve',b'natural',b'?',b'broadcloth',b'?',b'print',b'2'
b'Casual',b'low',4.5,b'free',b'Summer',b'o-neck',b'full',b'natural',b'cotton',b'?',b'button',b'solid',b'1'
b'Casual',b'Average',4.7,b'M',b'Summer',b'o-neck',b'sleevless',b'natural',b'polyster',b'?',b'?',b'character',b'1'
b'Casual',b'low',4.5,b'M',b'Winter',b'o-neck',b'short',b'natural',b'chiffonfabric',b'chiffon',b'?',b'solid',b'1'
b'Casual',b'low',4.7,b'S',b'summer',b'o-neck',b'full',b'natural',b'cotton',b'?',b'?',b'patchwork',b'1'
b'cute',b'Low',0.0,b'free',b'Summer',b'boat-neck',b'sleevless',b'?',b'cotton',b'?',b'?',b'print',b'1'
b'party',b'very-high',5.0,b'M',b'Spring',b'slash-neck',b'sleevless',b'natural',b'chiffonfabric',b'chiffon',b'flowers',b'?',b'2'
b'Casual',b'Average',4.9,b'M',b'Automn',b'v-neck',b'sleevless',b'?',b'polyster',b'?',b'?',b'?',b'2'
b'party',b'very-high',0.0,b'L',b'Winter',b'v-neck',b'sleevless',b'natural',b'polyster',b'tulle',b'beading',b'?',b'1'
b'party',b'very-high',0.0,b'M',b'Winter',b'v-neck',b'cap-sleeves',b'?',b'?',b'chiffon',b'lace',b'?',b'1'
b'Casual',b'Low',4.4,b'M',b'Winter',b'v-neck',b'turndowncollor',b'?',b'cotton',b'?',b'?',b'?',b'2'
b'party',b'very-high',0.0,b'M',b'Spring',b'v-neck',b'threequater',b'natural',b'lycra',b'sattin',b'applique',b'?',b'2'
b'party',b'high',0.0,b'M',b'Winter',b'Sweetheart',b'sleevless',b'natural',b'?',b'?',b'pearls',b'?',b'1'
b'party',b'high',0.0,b'M',b'Spring',b'Sweetheart',b'sleevless',b'?',b'nylon',b'?',b'?',b'?',b'1'
b'party',b'Average',5.0,b'M',b'Winter',b'o-neck',b'capsleeves',b'empire',b'polyster',b'?',b'lace',b'?',b'2'
b'party',b'high',4.7,b'M',b'Winter',b'sweetheart',b'sleeveless',b'natural',b'?',b'chiffon',b'flowers',b'?',b'1'
b'party',b'?',4.8,b'free',b'Winter',b'o-neck',b'sleevless',b'empire',b'?',b'?',b'embroidary',b'?',b'2'
b'party',b'?',4.5,b'L',b'Summer',b'?',b'full',b'?',b'?',b'?',b'?',b'?',b'2'
b'party',b'very-high',4.9,b'M',b'Spring',b'Sweetheart',b'sleeevless',b'empire',b'?',b'chiffon',b'beading',b'?',b'2'
b'party',b'high',4.6,b'M',b'winter',b'Sweetheart',b'sleevless',b'natural',b'?',b'chiffon',b'?',b'?',b'1'
b'party',b'Average',5.0,b'M',b'Spring',b'Sweetheart',b'sleevless',b'natural',b'polyster',b'?',b'?',b'?',b'2'
b'party',b'very-high',4.8,b'L',b'Spring',b'Sweetheart',b'sleevless',b'empire',b'microfiber',b'organza',b'beading',b'?',b'2'
b'party',b'very-high',0.0,b'M',b'Winter',b'Sweetheart',b'sleevless',b'natural',b'polyster',b'chiffon',b'beading',b'?',b'2'
b'party',b'high',4.6,b'L',b'Spring',b'slash-neck',b'sleevless',b'empire',b'silk',b'chiffon',b'beading',b'?',b'1'
b'party',b'Average',4.8,b'L',b'?',b'Sweetheart',b'sleevless',b'empire',b'?',b'?',b'pleat',b'?',b'2'
b'party',b'Medium',4.6,b'S',b'Winter',b'Scoop',b'short',b'empire',b'?',b'?',b'crystal',b'?',b'1'
b'party',b'very-high',4.9,b'M',b'Spring',b'Sweetheart',b'sleevless',b'natural',b'silk',b'chiffon',b'beading',b'?',b'2'
b'party',b'Medium',4.8,b'S',b'Spring',b'v-neck',b'sleevless',b'empire',b'?',b'?',b'?',b'?',b'2'
b'party',b'very-high',4.2,b'L',b'Winter',b'v-neck',b'sleevless',b'?',b'?',b'?',b'lace',b'?',b'2'
b'Casual',b'Low',4.4,b'free',b'Summer',b'o-neck',b'sleevless',b'?',b'?',b'?',b'?',b'?',b'2'
b'party',b'very-high',4.1,b'M',b'Winter',b'Scoop',b'short',b'natural',b'cotton',b'lace',b'applique',b'?',b'2'
b'party',b'very-high',0.0,b'M',b'Winter',b'o-neck',b'full',b'natural',b'?',b'?',b'feathers',b'?',b'2'
b'Casual',b'high',4.6,b'M',b'Summer',b'Sweetheart',b'sleevless',b'empire',b'?',b'?',b'beading',b'?',b'2'
b'party',b'Average',4.7,b'free',b'Winter',b'o-neck',b'sleevless',b'?',b'polyster',b'?',b'?',b'?',b'1'
b'party',b'very-high',4.7,b'L',b'Winter',b'slash-neck',b'sleevless',b'empire',b'viscos',b'chiffon',b'beading',b'?',b'2'
b'party',b'very-high',4.5,b'M',b'Spring',b'v-neck',b'cap-sleeves',b'?',b'?',b'?',b'lace',b'?',b'2'
b'party',b'Average',4.7,b'free',b'Spring',b'Sweetheart',b'sleevless',b'empire',b'rayon',b'chiffon',b'beading',b'solid',b'2'
b'party',b'high',4.8,b'M',b'Summer',b'Sweetheart',b'sleevless',b'princess',b'?',b'sattin',b'?',b'?',b'2'
b'party',b'high',4.6,b'M',b'Summer',b'slash-neck',b'sleevless',b'natural',b'?',b'chiffon',b'?',b'?',b'2'
b'party',b'Medium',4.7,b'M',b'Winter',b'o-neck',b'sleevless',b'empire',b'cotton',b'chiffon',b'button',b'?',b'2'
b'cute',b'Average',4.4,b'free',b'Spring',b'Sweetheart',b'sleevless',b'empire',b'spandex',b'tulle',b'ruched',b'solid',b'2'
b'party',b'Average',5.0,b'M',b'Spring',b'o-neck',b'sleevless',b'?',b'?',b'?',b'?',b'?',b'2'
b'party',b'very-high',4.8,b'free',b'Spring',b'Sweetheart',b'sleevless',b'natural',b'polyster',b'chiffon',b'beading',b'?',b'2'
b'party',b'Medium',4.8,b'M',b'Spring',b'o-neck',b'sleevless',b'natural',b'silk',b'chiffon',b'crystal',b'?',b'2'
b'party',b'very-high',4.9,b'L',b'Spring',b'slash-neck',b'sleevless',b'?',b'?',b'chiffon',b'flowers',b'?',b'2'
b'party',b'Medium',0.0,b'free',b'Winter',b'v-neck',b'short',b'empire',b'?',b'chiffon',b'lace',b'?',b'2'
b'work',b'Average',5.0,b'free',b'Winter',b'o-neck',b'half',b'?',b'microfiber',b'?',b'?',b'?',b'1'
b'party',b'very-high',4.9,b'M',b'Spring',b'v-neck',b'sleevless',b'empire',b'?',b'sattin',b'beading',b'?',b'2'
b'Casual',b'high',5.0,b'free',b'Summer',b'v-neck',b'sleevless',b'natural',b'nylon',b'?',b'?',b'?',b'2'
b'Casual',b'very-high',0.0,b'small',b'Spring',b'o-neck',b'full',b'?',b'?',b'chiffon',b'applique',b'?',b'1'
b'Casual',b'Medium',4.7,b'M',b'Spring',b'o-neck',b'sleevless',b'natural',b'cotton',b'?',b'bow',b'?',b'2'
b'party',b'Average',0.0,b'M',b'Spring',b'v-neck',b'sleevless',b'natural',b'?',b'?',b'?',b'?',b'2'
b'Casual',b'Average',4.4,b'free',b'Summer',b'slash-neck',b'sleevless',b'empire',b'cotton',b'?',b'?',b'?',b'2'
b'Casual',b'very-high',4.6,b'M',b'winter',b'o-neck',b'short',b'natural',b'?',b'?',b'flowers',b'?',b'2'
b'Casual',b'Low',4.4,b'free',b'winter',b'halter',b'sleevless',b'natural',b'?',b'?',b'draped',b'?',b'2'
b'party',b'high',4.5,b'M',b'winter',b'o-neck',b'sleevless',b'?',b'?',b'?',b'?',b'?',b'2'
b'Casual',b'Average',4.8,b'free',b'Summer',b'o-neck',b'sleevless',b'natural',b'?',b'?',b'?',b'?',b'1'
b'Sexy',b'Average',5.0,b'M',b'Summer',b'o-neck',b'sleeveless',b'natural',b'polyster',b'broadcloth',b'rivet',b'?',b'1'
b'vintage',b'Average',4.9,b'free',b'Summer',b'o-neck',b'urndowncollor',b'empire',b'?',b'?',b'?',b'?',b'1'
b'vintage',b'Average',4.7,b'S',b'Summer',b'turndowncollor',b'short',b'empire',b'cotton',b'?',b'?',b'?',b'1'
b'work',b'Average',4.9,b'M',b'Summer',b'sqare-collor',b'halfsleeve',b'empire',b'polyster',b'sattin',b'sashes',b'?',b'1'
b'Casual',b'low',4.7,b'L',b'Spring',b'o-neck',b'short',b'natural',b'chiffonfabric',b'chiffon',b'?',b'?',b'1'
b'Casual',b'Average',4.8,b'L',b'Automn',b'o-neck',b'short',b'natural',b'cashmere',b'?',b'?',b'?',b'1'
b'Sexy',b'low',4.7,b'free',b'Spring',b'v-neck',b'sleeveless',b'?',b'?',b'?',b'sequined',b'?',b'2'
b'Casual',b'Average',0.0,b'S',b'Winter',b'slash-neck',b'halfsleeve',b'natural',b'nylon',b'broadcloth',b'?',b'?',b'1'
b'Casual',b'Average',4.2,b'S',b'Winter',b'v-neck',b'sleevless',b'empire',b'other',b'chiffon',b'hollowout',b'patchwork',b'1'
b'Novelty',b'Average',0.0,b'free',b'Summer',b'o-neck',b'full',b'natural',b'cotton',b'sattin',b'hollowout',b'solid',b'1'
b'Casual',b'Low',4.3,b'free',b'Summer',b'backless',b'sleevless',b'empire',b'chiffonfabric',b'chiffon',b'crystal',b'?',b'1'
b'Casual',b'Average',3.7,b'M',b'Summer',b'boat-neck',b'sleevless',b'natural',b'linen',b'?',b'?',b'?',b'1'
b'Casual',b'Average',5.0,b'free',b'winter',b'o-neck',b'sleevless',b'natural',b'polyster',b'broadcloth',b'lace',b'?',b'2'
b'Sexy',b'low',5.0,b'free',b'Spring',b'v-neck',b'sleevless',b'empire',b'?',b'chiffon',b'?',b'?',b'1'
b'cute',b'Low',0.0,b'free',b'Winter',b'o-neck',b'sleevless',b'natural',b'?',b'chiffon',b'?',b'?',b'1'
b'vintage',b'Average',4.8,b'M',b'Summer',b'v-neck',b'full',b'natural',b'rayon',b'poplin',b'?',b'?',b'2'
b'bohemian',b'Average',4.8,b'L',b'Winter',b'o-neck',b'sleevless',b'natural',b'polyster',b'chiffon',b'?',b'solid',b'1'
b'bohemian',b'Average',0.0,b'free',b'Spring',b'o-neck',b'sleevless',b'natural',b'rayon',b'chiffon',b'?',b'striped',b'2'
b'Sexy',b'Average',4.5,b'M',b'Summer',b'bowneck',b'sleevless',b'?',b'cotton',b'chiffon',b'?',b'solid',b'1'
b'Novelty',b'Medium',4.2,b'M',b'Winter',b'o-neck',b'halfsleeve',b'natural',b'polyster',b'chiffon',b'hollowout',b'animal',b'2'
b'Casual',b'Low',5.0,b'free',b'Spring',b'v-neck',b'full',b'natural',b'cotton',b'?',b'?',b'solid',b'2'
b'Casual',b'Average',5.0,b'L',b'Winter',b'o-neck',b'thressqatar',b'natural',b'polyster',b'?',b'applique',b'solid',b'1'
b'Casual',b'Low',4.8,b'M',b'Winter',b'v-neck',b'sleevless',b'natural',b'polyster',b'?',b'?',b'print',b'1'
b'bohemian',b'Low',5.0,b'free',b'Spring',b'o-neck',b'short',b'natural',b'nylon',b'jersey',b'sashes',b'print',b'2'
b'Casual',b'low',5.0,b'free',b'Spring',b'bowneck',b'sleevless',b'natural',b'silk',b'chiffon',b'applique',b'print',b'1'
b'Casual',b'Low',5.0,b'M',b'Spring',b'o-neck',b'sleeevless',b'natural',b'chiffonfabric',b'chiffon',b'?',b'solid',b'2'
b'cute',b'Average',4.3,b'M',b'Summer',b'?',b'?',b'natural',b'cotton',b'chiffon',b'?',b'solid',b'1'
b'Novelty',b'Average',0.0,b'free',b'winter',b'o-neck',b'short',b'natural',b'polyster',b'broadcloth',b'lace',b'?',b'2'
b'cute',b'low',0.0,b'L',b'Spring',b'o-neck',b'sleevless',b'empire',b'?',b'?',b'?',b'?',b'2'
b'Sexy',b'Low',4.8,b'free',b'Spring',b'slash-neck',b'sleevless',b'natural',b'cotton',b'broadcloth',b'sequined',b'solid',b'1'
b'Sexy',b'Low',4.8,b'free',b'Summer',b'slash-neck',b'sleevless',b'empire',b'silk',b'?',b'lace',b'solid',b'1'
b'Casual',b'Low',4.4,b'M',b'Winter',b'o-neck',b'sleevless',b'natural',b'polyster',b'?',b'?',b'solid',b'1'
b'Casual',b'Average',4.5,b'M',b'Winter',b'o-neck',b'sleevless',b'natural',b'polyster',b'chiffon',b'ruched',b'striped',b'1'
b'Casual',b'Low',4.7,b'S',b'Summer',b'o-neck',b'full',b'natural',b'cotton',b'?',b'?',b'patchwork',b'1'
b'Casual',b'low',4.4,b'free',b'Spring',b'o-neck',b'sleevless',b'natural',b'polyster',b'?',b'sashes',b'print',b'1'
b'work',b'Average',4.9,b'M',b'Winter',b'slash-neck',b'short',b'natural',b'polyster',b'broadcloth',b'ruffles',b'solid',b'1'
b'cute',b'Medium',4.6,b'free',b'Spring',b'o-neck',b'short',b'natural',b'chiffonfabric',b'?',b'hollowout',b'solid',b'2'
b'Casual',b'Low',4.7,b'free',b'Spring',b'o-neck',b'halfsleeve',b'natural',b'silk',b'chiffon',b'sashes',b'print',b'1'
b'Casual',b'Low',4.7,b'M',b'Winter',b'o-neck',b'full',b'empire',b'polyster',b'chiffon',b'?',b'print',b'2'
b'Casual',b'Average',4.8,b'M',b'Spring',b'o-neck',b'sleevless',b'natural',b'cotton',b'chiffon',b'hollowout',b'print',b'1'
b'Sexy',b'Low',4.8,b'L',b'Summer',b'o-neck',b'sleevless',b'natural',b'cotton',b'?',b'?',b'solid',b'2'
b'Casual',b'Average',4.3,b'M',b'Spring',b'o-neck',b'halfsleeve',b'?',b'?',b'?',b'?',b'?',b'2'
b'Casual',b'Average',4.7,b'XL',b'winter',b'v-neck',b'short',b'empire',b'milksilk',b'?',b'?',b'print',b'1'
b'Casual',b'Low',0.0,b'L',b'winter',b'v-neck',b'full',b'?',b'?',b'?',b'?',b'solid',b'1'
b'Sexy',b'Average',4.7,b'M',b'Automn',b'slash-neck',b'sleevless',b'natural',b'nylon',b'?',b'rivet',b'solid',b'1'
b'Casual',b'Low',4.7,b'free',b'winter',b'o-neck',b'sleevless',b'natural',b'?',b'?',b'?',b'?',b'2'
b'Casual',b'high',0.0,b'L',b'winter',b'v-neck',b'full',b'?',b'polyster',b'?',b'?',b'solid',b'1'
b'Casual',b'Low',4.7,b'L',b'Summer',b'o-neck',b'sleevless',b'natural',b'silk',b'worsted',b'lace',b'patchwork',b'1'
b'Casual',b'Average',4.7,b'free',b'Summer',b'v-neck',b'full',b'natural',b'cotton',b'?',b'sashes',b'solid',b'1'
b'Casual',b'Average',0.0,b'free',b'Winter',b'v-neck',b'full',b'?',b'cashmere',b'?',b'?',b'solid',b'2'
b'Casual',b'low',4.7,b'free',b'Summer',b'o-neck',b'capsleeves',b'natural',b'chiffonfabric',b'chiffon',b'?',b'print',b'2'
b'Casual',b'Average',4.7,b'M',b'Summer',b'o-neck',b'thressqatar',b'?',b'chiffonfabric',b'chiffon',b'ruched',b'solid',b'1'
b'Sexy',b'low',4.5,b'free',b'Summer',b'slash-neck',b'sleevless',b'?',b'polyster',b'Corduroy',b'?',b'?',b'1'
b'vintage',b'low',4.0,b'free',b'Summer',b'turndowncollor',b'short',b'natural',b'cotton',b'wollen',b'hollowout',b'solid',b'1'
b'Sexy',b'low',4.7,b'free',b'Summer',b'v-neck',b'sleevless',b'?',b'?',b'?',b'?',b'?',b'1'
b'bohemian',b'low',5.0,b'free',b'Summer',b'o-neck',b'sleevless',b'empire',b'cotton',b'broadcloth',b'tassel',b'print',b'2'
b'Casual',b'low',4.7,b'S',b'Winter',b'o-neck',b'sleeevless',b'natural',b'knitting',b'?',b'lace',b'solid',b'1'
b'Sexy',b'Average',4.5,b'S',b'Winter',b'v-neck',b'sleevless',b'?',b'polyster',b'?',b'?',b'?',b'1'
b'cute',b'Average',4.7,b'M',b'Summer',b'o-neck',b'sleevless',b'natural',b'chiffonfabric',b'?',b'sashes',b'splice',b'1'
b'vintage',b'Low',0.0,b'free',b'Summer',b'o-neck',b'sleevless',b'natural',b'cotton',b'batik',b'?',b'print',b'2'
b'Casual',b'Average',4.1,b'L',b'winter',b'o-neck',b'sleevless',b'natural',b'polyster',b'?',b'?',b'?',b'2'
b'Casual',b'Average',4.2,b'M',b'winter',b'v-neck',b'full',b'empire',b'polyster',b'?',b'lace',b'patchwork',b'2'
b'Brief',b'Average',4.8,b'free',b'winter',b'v-neck',b'halfsleeve',b'natural',b'polyster',b'broadcloth',b'?',b'solid',b'1'
b'Brief',b'Average',4.9,b'free',b'Winter',b'o-neck',b'sleevless',b'natural',b'?',b'?',b'?',b'solid',b'1'
b'Sexy',b'Average',4.8,b'S',b'Winter',b'v-neck',b'sleevless',b'empire',b'polyster',b'chiffon',b'lace',b'solid',b'1'
b'Casual',b'Average',4.7,b'L',b'Winter',b'o-neck',b'sleevless',b'natural',b'polyster',b'chiffon',b'?',b'patchwork',b'1'
b'vintage',b'Average',4.7,b'M',b'Summer',b'v-neck',b'short',b'natural',b'rayon',b'?',b'beading',b'print',b'1'
b'Casual',b'Average',4.8,b'free',b'Summer',b'o-neck',b'sleevless',b'natural',b'cotton',b'chiffon',b'sashes',b'solid',b'1'
b'Sexy',b'Low',4.7,b'M',b'Winter',b'v-neck',b'sleevless',b'natural',b'polyster',b'?',b'?',b'striped',b'1'
b'Casual',b'Average',5.0,b's',b'Spring',b'turndowncollor',b'full',b'empire',b'cotton',b'worsted',b'?',b'solid',b'1'
b'Casual',b'Low',1.0,b'M',b'Spring',b'o-neck',b'halfsleeve',b'?',b'?',b'chiffon',b'?',b'?',b'1'
b'Sexy',b'Average',4.1,b'free',b'Summer',b'v-neck',b'sleevless',b'natural',b'cotton',b'?',b'lace',b'?',b'2'
b'Casual',b'Low',4.0,b'free',b'Summer',b'v-neck',b'sleevless',b'natural',b'cotton',b'broadcloth',b'hollowout',b'print',b'1'
b'work',b'Average',4.7,b'M',b'Spring',b'v-neck',b'sleevless',b'?',b'?',b'?',b'?',b'?',b'2'
b'cute',b'Average',4.6,b'free',b'Spring',b'v-neck',b'full',b'natural',b'cotton',b'chiffon',b'?',b'solid',b'2'
b'Casual',b'Low',5.0,b'M',b'Spring',b'o-neck',b'sleevless',b'natural',b'spandex',b'jersey',b'?',b'print',b'1'
b'Casual',b'Average',4.7,b'M',b'Automn',b'v-neck',b'sleevless',b'natural',b'?',b'chiffon',b'?',b'striped',b'2'
b'Casual',b'low',4.6,b'free',b'winter',b'o-neck',b'full',b'natural',b'polyster',b'?',b'applique',b'solid',b'1'
b'Casual',b'Average',4.5,b'L',b'Summer',b'o-neck',b'short',b'natural',b'cotton',b'jersey',b'pockets',b'solid',b'1'
b'cute',b'Average',4.6,b'M',b'Automn',b'o-neck',b'thressqatar',b'natural',b'silk',b'chiffon',b'sashes',b'print',b'1'
b'Casual',b'Low',4.6,b'free',b'Automn',b'o-neck',b'halfsleeve',b'natural',b'chiffonfabric',b'chiffon',b'?',b'leapord',b'2'
b'Casual',b'Low',4.7,b'L',b'Summer',b'?',b'sleevless',b'?',b'cotton',b'?',b'?',b'solid',b'2'
b'Sexy',b'Low',0.0,b'L',b'Summer',b'o-neck',b'sleevless',b'empire',b'sill',b'?',b'?',b'striped',b'1'
b'bohemian',b'Average',4.0,b'free',b'Winter',b'o-neck',b'sleevless',b'natural',b'polyster',b'chiffon',b'ruffles',b'striped',b'1'
b'Casual',b'low',4.7,b'free',b'Summer',b'o-neck',b'full',b'natural',b'cotton',b'?',b'?',b'solid',b'2'
b'work',b'Average',0.0,b'M',b'Summer',b'v-neck',b'sleevless',b'natural',b'cotton',b'worsted',b'?',b'solid',b'2'
b'bohemian',b'Average',4.1,b'free',b'Summer',b'o-neck',b'thressqatar',b'?',b'?',b'?',b'hollowout',b'?',b'1'
b'Casual',b'Average',0.0,b'M',b'Spring',b'o-neck',b'halfsleeve',b'natural',b'?',b'?',b'lace',b'?',b'1'
b'Brief',b'Low',4.6,b'M',b'Summer',b'o-neck',b'short',b'natural',b'cotton',b'?',b'?',b'animal',b'1'
b'cute',b'Low',0.0,b'free',b'Spring',b'v-neck',b'sleevless',b'empire',b'chiffonfabric',b'chiffon',b'?',b'?',b'2'
b'Casual',b'Average',5.0,b'M',b'Spring',b'o-neck',b'thressqatar',b'?',b'spandex',b'?',b'?',b'?',b'1'
b'Casual',b'Low',5.0,b'free',b'winter',b'o-neck',b'full',b'natural',b'wool',b'?',b'applique',b'solid',b'1'
b'vintage',b'Average',4.5,b'L',b'winter',b'o-neck',b'short',b'empire',b'?',b'?',b'sequined',b'patchwork',b'2'
b'Casual',b'Average',4.5,b'free',b'Summer',b'o-neck',b'short',b'natural',b'polyster',b'?',b'?',b'solid',b'1'
b'bohemian',b'Low',4.4,b'L',b'Summer',b'bowneck',b'short',b'natural',b'cotton',b'?',b'?',b'dot',b'1'
b'Casual',b'high',0.0,b'L',b'winter',b'v-neck',b'thressqatar',b'natural',b'polyster',b'?',b'ruffles',b'solid',b'2'
b'Casual',b'Average',4.8,b'free',b'winter',b'o-neck',b'sleevless',b'?',b'polyster',b'?',b'sashes',b'solid',b'1'
b'Brief',b'Low',4.7,b'M',b'Winter',b'o-neck',b'full',b'natural',b'cotton',b'?',b'?',b'patchwork',b'1'
b'Casual',b'Medium',0.0,b'free',b'Winter',b'bowneck',b'full',b'?',b'cashmere',b'knitted',b'?',b'solid',b'2'
b'Casual',b'Average',4.7,b'M',b'Winter',b'o-neck',b'short',b'empire',b'polyster',b'shiffon',b'?',b'animal',b'1'
b'party',b'Average',0.0,b'M',b'Summer',b'o-neck',b'full',b'natural',b'cotton',b'?',b'?',b'patchwork',b'2'
b'bohemian',b'Average',4.8,b'S',b'Summer',b'v-neck',b'short',b'natural',b'cotton',b'?',b'?',b'solid',b'1'
b'Sexy',b'Average',4.9,b'free',b'Summer',b'sqare-collor',b'sleevless',b'natural',b'polyster',b'?',b'sashes',b'print',b'1'
b'Casual',b'Average',3.0,b'M',b'Spring',b'turndowncollor',b'short',b'empire',b'polyster',b'?',b'sashes',b'patchwork',b'1'
b'Casual',b'low',4.7,b'L',b'Automn',b'o-neck',b'short',b'natural',b'polyster',b'shiffon',b'?',b'patchwork',b'2'
b'Casual',b'Average',4.3,b'M',b'Automn',b'o-neck',b'sleevless',b'natural',b'polyster',b'?',b'plain',b'solid',b'1'
b'Casual',b'Average',0.0,b'XL',b'Winter',b'v-neck',b'short',b'empire',b'polyster',b'shiffon',b'pockets',b'solid',b'2'
b'Casual',b'Low',5.0,b'free',b'Summer',b'o-neck',b'sleevless',b'natural',b'model',b'jersey',b'plain',b'solid',b'2'
b'vintage',b'Average',0.0,b'L',b'Summer',b'sqare-collor',b'short',b'empire',b'cotton',b'chiffon',b'?',b'dot',b'2'
b'Casual',b'Low',4.7,b'free',b'winter',b'o-neck',b'sleevless',b'natural',b'milksilk',b'?',b'?',b'animal',b'1'
b'vintage',b'Average',5.0,b'M',b'Summer',b'v-neck',b'thressqatar',b'natural',b'polyster',b'?',b'?',b'print',b'1'
b'Casual',b'Low',4.7,b'L',b'Summer',b'o-neck',b'full',b'natural',b'mix',b'worsted',b'lace',b'patchwork',b'2'
b'bohemian',b'Average',4.6,b'M',b'Spring',b'o-neck',b'sleevless',b'natural',b'shiffon',b'shiffon',b'sashes',b'solid',b'1'
b'party',b'Average',4.8,b'M',b'Summer',b'o-neck',b'full',b'?',b'cotton',b'?',b'?',b'solid',b'2'
b'bohemian',b'Low',4.6,b'free',b'Summer',b'v-neck',b'sleevless',b'natural',b'cotton',b'broadcloth',b'beading',b'solid',b'1'
b'party',b'very-high',4.6,b'free',b'Summer',b'o-neck',b'sleevless',b'empire',b'rayon',b'?',b'hollowout',b'solid',b'1'
b'cute',b'Low',4.8,b'M',b'Spring',b'o-neck',b'short',b'natural',b'shiffon',b'shiffon',b'bow',b'dot',b'2'
b'vintage',b'Average',0.0,b'M',b'Spring',b'o-neck',b'halfsleeve',b'empire',b'polyster',b'?',b'lace',b'animal',b'1'
b'Casual',b'Medium',4.9,b'L',b'Winter',b'o-neck',b'short',b'natural',b'cotton',b'broadcloth',b'sashes',b'solid',b'1'
b'Casual',b'Average',4.2,b'free',b'Summer',b'o-neck',b'sleevless',b'natural',b'cotton',b'worsted',b'?',b'striped',b'2'
b'Casual',b'Average',4.9,b'M',b'Summer',b'o-neck',b'short',b'dropped',b'cotton',b'?',b'ruffles',b'patchwork',b'1'
b'bohemian',b'Low',5.0,b'XL',b'Spring',b'v-neck',b'thressqatar',b'natural',b'?',b'shiffon',b'?',b'print',b'2'
b'Casual',b'Average',4.7,b'M',b'Summer',b'o-neck',b'sleevless',b'?',b'cotton',b'?',b'?',b'dot',b'1'
b'Casual',b'Average',0.0,b'free',b'Summer',b'bowneck',b'halfsleeve',b'?',b'cotton',b'?',b'?',b'?',b'1'
b'Casual',b'Average',0.0,b'free',b'Summer',b'o-neck',b'sleevless',b'natural',b'cotton',b'?',b'lace',b'floral',b'1'
b'Sexy',b'Medium',0.0,b'free',b'winter',b'o-neck',b'sleevless',b'natural',b'polyster',b'?',b'sequined',b'solid',b'1'
b'Sexy',b'low',4.4,b'free',b'Automn',b'v-neck',b'sleevless',b'natural',b'cotton',b'worsted',b'lace',b'solid',b'1'
b'Sexy',b'Average',0.0,b'free',b'Spring',b'v-neck',b'full',b'natural',b'cotton',b'wollen',b'lace',b'solid',b'2'
b'Brief',b'Average',4.9,b'XL',b'Spring',b'slash-neck',b'full',b'natural',b'?',b'?',b'sashes',b'solid',b'1'
b'Casual',b'Average',4.7,b'XL',b'Summer',b'v-neck',b'halfsleeve',b'natural',b'?',b'broadcloth',b'?',b'print',b'2'
b'Casual',b'Average',0.0,b'free',b'Automn',b'v-neck',b'full',b'natural',b'cotton',b'?',b'lace',b'solid',b'1'
b'Casual',b'Average',4.8,b'M',b'Summer',b'v-neck',b'full',b'natural',b'?',b'shiffon',b'?',b'?',b'1'
b'Casual',b'Medium',4.9,b'L',b'Spring',b'sqare-collor',b'sleevless',b'empire',b'?',b'?',b'?',b'print',b'1'
b'party',b'Average',4.7,b'M',b'Spring',b'o-neck',b'halfsleeve',b'empire',b'?',b'shiffon',b'?',b'patchwork',b'1'
b'Sexy',b'low',4.4,b'free',b'Summer',b'bowneck',b'sleevless',b'natural',b'viscos',b'?',b'bow',b'solid',b'1'
b'bohemian',b'Low',4.6,b'free',b'winter',b'o-neck',b'sleevless',b'empire',b'polyster',b'?',b'?',b'patchwork',b'2'
b'Casual',b'Low',4.6,b'free',b'Autumn',b'o-neck',b'full',b'natural',b'rayon',b'?',b'lace',b'solid',b'2'
b'Sexy',b'Low',4.5,b'free',b'Summer',b'o-neck',b'sleevless',b'empire',b'cotton',b'?',b'sashes',b'solid',b'2'
b'Sexy',b'Low',0.0,b'free',b'winter',b'v-neck',b'?',b'dropped',b'cotton',b'?',b'lace',b'?',b'2'
b'Casual',b'Average',0.0,b'XL',b'Spring',b'bowneck',b'sleevless',b'natural',b'mix',b'?',b'lace',b'solid',b'1'
b'Sexy',b'Average',0.0,b'free',b'Autumn',b'o-neck',b'full',b'natural',b'polyster',b'sattin',b'hollowout',b'solid',b'1'
b'Sexy',b'Low',4.8,b'free',b'Spring',b'v-neck',b'sleevless',b'natural',b'?',b'?',b'?',b'striped',b'2'
b'Brief',b'Low',4.7,b'free',b'Autumn',b'o-neck',b'sleevless',b'natural',b'?',b'shiffon',b'sequined',b'solid',b'1'
b'Sexy',b'high',5.0,b'M',b'Summer',b'v-neck',b'sleevless',b'natural',b'mix',b'?',b'?',b'striped',b'1'
b'Casual',b'Average',4.6,b'L',b'Summer',b'bowneck',b'full',b'dropped',b'cotton',b'?',b'?',b'patchwork',b'1'
b'cute',b'Medium',4.9,b'S',b'Summer',b'bowneck',b'sleevless',b'empire',b'?',b'?',b'bow',b'patchwork',b'2'
b'Novelty',b'Average',4.9,b'M',b'Autumn',b'o-neck',b'short',b'natural',b'polyster',b'chiffon',b'none',b'print',b'1'
b'Casual',b'Low',4.3,b'free',b'Spring',b'o-neck',b'full',b'?',b'?',b'chiffon',b'sashes',b'none',b'2'
b'Casual',b'Low',4.7,b'S',b'Autumn',b'o-neck',b'sleevless',b'natural',b'cotton',b'?',b'?',b'solid',b'1'
b'Casual',b'Average',4.8,b'L',b'Autumn',b'boat-neck',b'sleevless',b'natural',b'?',b'?',b'sashes',b'solid',b'1'
b'cute',b'Average',4.5,b'L',b'winter',b'v-neck',b'sleevless',b'natural',b'polyster',b'jersey',b'sashes',b'solid',b'2'
b'Casual',b'Average',4.4,b'free',b'Summer',b'o-neck',b'capsleeves',b'natural',b'cotton',b'?',b'?',b'solid',b'1'
b'party',b'Average',0.0,b'M',b'Spring',b'o-neck',b'sleevless',b'?',b'?',b'chiffon',b'?',b'solid',b'2'
b'Sexy',b'Low',0.0,b'free',b'Summer',b'v-neck',b'sleevless',b'dropped',b'?',b'?',b'?',b'?',b'2'
b'Casual',b'Low',4.8,b'L',b'Summer',b'v-neck',b'thressqatar',b'natural',b'cotton',b'?',b'?',b'print',b'1'
b'work',b'Average',5.0,b'M',b'Summer',b'o-neck',b'sleveless',b'natural',b'?',b'?',b'?',b'solid',b'2'
b'Novelty',b'Average',5.0,b'free',b'Summer',b'o-neck',b'sleeveless',b'natural',b'?',b'?',b'?',b'print',b'1'
b'Casual',b'Low',4.6,b'free',b'Spring',b'v-neck',b'sleevless',b'natural',b'silk',b'chiffon',b'draped',b'solid',b'1'
b'Casual',b'Average',4.5,b'M',b'Summer',b'o-neck',b'full',b'natural',b'cotton',b'?',b'lace',b'solid',b'1'
b'Casual',b'Average',4.5,b'L',b'Spring',b'boat-neck',b'thressqatar',b'natural',b'?',b'dobby',b'lace',b'animal',b'2'
b'Casual',b'Average',4.5,b'free',b'Autumn',b'o-neck',b'halfsleeve',b'natural',b'cotton',b'chiffon',b'hollowout',b'solid',b'2'
b'cute',b'Low',0.0,b'M',b'Summer',b'boat-neck',b'short',b'?',b'?',b'chiffon',b'sashes',b'?',b'1'
b'party',b'Average',4.9,b'M',b'winter',b'o-neck',b'halfsleeve',b'?',b'cotton',b'?',b'lace',b'?',b'2'
b'Casual',b'Average',4.8,b'M',b'Summer',b'o-neck',b'halfsleeve',b'?',b'?',b'?',b'?',b'?',b'1'
b'Casual',b'Low',4.4,b'L',b'Summer',b'o-neck',b'sleevless',b'natural',b'cotton',b'chiffon',b'?',b'solid',b'1'
b'Casual',b'Average',4.3,b'M',b'winter',b'slash-neck',b'sleeveless',b'natural',b'polyster',b'?',b'sashes',b'solid',b'1'
b'cute',b'Average',4.7,b'L',b'Summer',b'o-neck',b'sleevless',b'natural',b'polyster',b'broadcloth',b'lace',b'solid',b'1'
b'Sexy',b'Average',0.0,b'S',b'Summer',b'v-neck',b'sleevless',b'?',b'?',b'?',b'?',b'?',b'2'
b'Casual',b'Low',4.4,b'free',b'Summer',b'o-neck',b'sleevless',b'?',b'?',b'?',b'?',b'animal',b'1'
b'cute',b'high',4.3,b'M',b'Spring',b'boat-neck',b'full',b'natural',b'polyster',b'terry',b'lace',b'solid',b'2'
b'work',b'Average',4.8,b'M',b'winter',b'turndowncollor',b'full',b'natural',b'?',b'?',b'?',b'solid',b'1'
b'Casual',b'Average',4.6,b'M',b'Spring',b'o-neck',b'halfsleeve',b'natural',b'polyster',b'?',b'lace',b'solid',b'1'
b'Sexy',b'Low',0.0,b'free',b'Summer',b'v-neck',b'sleevless',b'empire',b'cotton',b'?',b'?',b'solid',b'1'
b'Casual',b'high',4.9,b'XL',b'winter',b'v-neck',b'full',b'empire',b'cotton',b'?',b'sequined',b'solid',b'1'
b'Sexy',b'Low',0.0,b'free',b'winter',b'o-neck',b'sleevless',b'natural',b'lycra',b'chiffon',b'hollowout',b'solid',b'1'
b'cute',b'Average',5.0,b'M',b'Autumn',b'v-neck',b'sleevless',b'natural',b'cotton',b'?',b'?',b'solid',b'1'
b'cute',b'Low',0.0,b'free',b'Spring',b'v-neck',b'sleevless',b'natural',b'silk',b'worsted',b'lace',b'patchwork',b'2'
b'Casual',b'Low',4.4,b'free',b'Summer',b'o-neck',b'full',b'natural',b'cotton',b'?',b'pockets',b'solid',b'1'
b'Casual',b'Average',0.0,b'L',b'Spring',b'o-neck',b'sleevless',b'natural',b'chiffonfabric',b'chiffon',b'sequined',b'solid',b'1'
b'cute',b'Average',4.7,b'M',b'Spring',b'o-neck',b'full',b'natural',b'rayon',b'chiffon',b'beading',b'solid',b'2'
b'Casual',b'Average',4.6,b'M',b'winter',b'v-neck',b'halfsleeve',b'natural',b'silk',b'chiffon',b'sashes',b'solid',b'2'
b'Casual',b'Low',4.4,b'free',b'Summer',b'o-neck',b'full',b'natural',b'cotton',b'?',b'?',b'solid',b'2'
b'Casual',b'Low',5.0,b'M',b'Automn',b'o-neck',b'sleevless',b'empire',b'?',b'chiffon',b'?',b'print',b'2'
b'Casual',b'Average',0.0,b'free',b'winter',b'o-neck',b'short',b'natural',b'polyster',b'chiffon',b'cascading',b'solid',b'1'
b'Sexy',b'Average',0.0,b'free',b'winter',b'slash-neck',b'sleevless',b'natural',b'cotton',b'broadcloth',b'sequined',b'solid',b'2'
b'Casual',b'Low',4.4,b'M',b'Summer',b'o-neck',b'halfsleeve',b'empire',b'chiffonfabric',b'chiffon',b'bow',b'solid',b'1'
b'cute',b'Average',0.0,b'L',b'Summer',b'o-neck',b'sleevless',b'empire',b'cotton',b'?',b'lace',b'solid',b'2'
b'Casual',b'Low',4.8,b'free',b'winter',b'bowneck',b'full',b'natural',b'polyster',b'chiffon',b'bow',b'solid',b'1'
b'Casual',b'Average',5.0,b'L',b'Summer',b'o-neck',b'sleevless',b'natural',b'cotton',b'?',b'?',b'?',b'2'
b'cute',b'Average',4.6,b'M',b'Spring',b'o-neck',b'halfsleeve',b'natural',b'acrylic',b'chiffon',b'?',b'?',b'1'
b'bohemian',b'Low',4.6,b'free',b'Summer',b'o-neck',b'sleevless',b'natural',b'cotton',b'chiffon',b'none',b'solid',b'2'
b'Brief',b'Average',4.7,b'M',b'winter',b'o-neck',b'halfsleeve',b'natural',b'acrylic',b'chiffon',b'?',b'striped',b'1'
b'Casual',b'Low',4.7,b'M',b'Spring',b'o-neck',b'full',b'natural',b'polyster',b'?',b'?',b'solid',b'2'
b'Sexy',b'Low',4.3,b'free',b'Summer',b'o-neck',b'full',b'empire',b'cotton',b'?',b'?',b'?',b'1'
b'Casual',b'Average',4.7,b'M',b'Summer',b'v-neck',b'full',b'empire',b'cotton',b'?',b'lace',b'solid',b'2'
b'Casual',b'Average',4.6,b'L',b'winter',b'boat-neck',b'sleevless',b'empire',b'silk',b'broadcloth',b'applique',b'print',b'2'
b'Casual',b'Low',4.4,b'free',b'Summer',b'v-neck',b'short',b'empire',b'cotton',b'Corduroy',b'lace',b'solid',b'1'
